kernel,family,stages,launches,time_ms,dram_bytes,flops
kernel_wrapper,cuFFT,Convection;Derivatives;Other;Pressure;SGS,53,20.433856,36040105000,0
regular_fft<384>,cuFFT,Convection;Derivatives;Other;Pressure;SGS,44,15.896064,23474900000,33475284480
vector_fft<1536>,cuFFT,Convection;Derivatives;Other;Pressure;SGS,44,14.057504,23389066000,42212524032
preprocess_kernel,cuFFT,Convection;Derivatives;Other;Pressure;SGS,30,12.441760,21440712000,17785467648
regular_fft<576>,cuFFT,Convection,9,12.293792,12517909000,18893487744
postprocess_kernel,cuFFT,Convection;Derivatives;Other;Pressure;SGS,23,8.456224,14592763000,13533124224
vector_fft<2304>,cuFFT,Convection,9,7.420448,12495752000,24519573504
sgs_gpu_m_calc_sij_gpu_1050,hand-written,SGS,1,3.700224,6039806000,528482304
sgs_gpu_m_sgs_stag_gpu_810,hand-written,SGS,1,3.226176,5263989000,548536320
convec_gpu_m_convec_gpu_451,hand-written,Convection,1,2.563904,4607106000,576213120
convec_gpu_m_convec_gpu_399,hand-written,Convection,1,2.545568,4607002000,576213120
convec_gpu_m_convec_gpu_347,hand-written,Convection,1,2.544320,4607025000,576213120
derivatives_gpu_m_filt_da_gpu_127,hand-written,Derivatives,3,2.163456,3776343000,361207296
main_744,hand-written,Other,1,2.118144,3618563000,566599680
sgs_gpu_m_sgs_stag_gpu_623,hand-written,SGS,1,1.752160,2492003000,1596063744
forcing_project_590,hand-written,Projection,1,1.705376,2679568000,224133120
convec_gpu_m_convec_gpu_239,hand-written,Convection,1,1.630624,2796559000,233722368
main_908,hand-written,Pressure,1,1.576288,2707275000,113319936
main_659,hand-written,Turbines,1,1.574144,2707488000,113319936
main_529,hand-written,Other,1,1.573888,2707170000,113319936
derivatives_gpu_m_ddz_w_gpu_237,hand-written,Derivatives;SGS,3,1.442368,2282664000,233570304
derivatives_gpu_m_ddz_uv_gpu_184,hand-written,Derivatives;SGS,3,1.433344,2270695000,233570304
sgs_gpu_m_divstress_uv_gpu_1122,hand-written,SGS,1,1.361440,2412076000,150994944
press_gpu_m_press_stag_array_gpu_359,hand-written,Pressure,1,1.253792,2255471000,339959808
derivatives_gpu_m_filt_da_gpu_92,hand-written,Derivatives,3,1.169088,1872646000,120402432
convec_gpu_m_convec_gpu_169,hand-written,Convection,1,1.153184,1913430000,120402432
main_234,hand-written,Other,1,1.152352,1913228000,0
convec_gpu_m_convec_gpu_191,hand-written,Convection,1,1.146944,2148857000,0
convec_gpu_m_convec_gpu_301,hand-written,Convection,1,1.116832,2085332000,0
tridag_gpu_m_tridag_array_gpu_218,hand-written,Pressure,8,1.115072,1148721000,965308960
press_gpu_m_press_stag_array_gpu_166,hand-written,Pressure,1,1.043584,1799173000,113319936
cfl_util_get_cfl_dt_194,hand-written,Other,2,0.835904,912040000,0
derivatives_gpu_m_ddy_gpu_362,hand-written,SGS,2,0.797952,1259828000,80268288
derivatives_gpu_m_ddx_gpu_298,hand-written,SGS,2,0.797056,1259890000,80268288
derivatives_gpu_m_ddx_gpu_313,hand-written,SGS,2,0.751648,1291528000,120010752
derivatives_gpu_m_ddy_gpu_376,hand-written,SGS,2,0.750464,1291840000,120010752
press_gpu_m_press_stag_array_gpu_472,hand-written,Pressure,1,0.737056,1152125000,113319936
main_596,hand-written,Other,1,0.720096,1190838000,75546624
derivatives_gpu_m_ddxy_gpu_442,hand-written,SGS,1,0.693440,1172527000,120010752
sgs_gpu_m_divstress_w_gpu_1261,hand-written,SGS,1,0.683680,1166210000,73138176
convec_gpu_m_unpadd_gpu_580,hand-written,Convection,3,0.610784,876044000,0
convec_gpu_m_unpadd_gpu_555,hand-written,Convection,3,0.600544,880883000,0
convec_gpu_m_convec_gpu_203,hand-written,Convection,1,0.575040,950314000,0
convec_gpu_m_convec_gpu_215,hand-written,Convection,1,0.567424,945344000,0
convec_gpu_m_convec_gpu_323,hand-written,Convection,1,0.555072,916857000,0
convec_gpu_m_convec_gpu_312,hand-written,Convection,1,0.552512,921936000,0
forcing_forcing_applied_442,hand-written,Turbines,1,0.543296,947147000,0
press_gpu_m_press_stag_array_gpu_521,hand-written,Pressure,1,0.512704,728377000,603979776
tridag_gpu_m_tridag_array_gpu_290,hand-written,Pressure,8,0.490432,668701000,77907456
atm_lesgo_interface_atm_batch_convolute_force_gpu_6979,ATM,Turbines,1,0.470016,43673000,1301539157
atm_lesgo_interface_atm_batch_convolute_force_gpu_7023,ATM,Turbines,1,0.413568,34146000,1269476966
derivatives_gpu_m_ddxy_gpu_427,hand-written,SGS,1,0.399328,629970000,40134144
atm_lesgo_interface_atm_batch_cl_correction_gpu_7244,ATM,Turbines,1,0.128960,1361000,202799700
sgs_gpu_m_calc_sij_gpu_948,hand-written,SGS,1,0.098560,152309000,11796480
wallstress_ws_equilibrium_lbc_393,hand-written,Other,1,0.070048,85014000,62521344
convec_gpu_m_convec_gpu_361,hand-written,Convection,1,0.059680,101943000,13276800
convec_gpu_m_convec_gpu_413,hand-written,Convection,1,0.059424,101904000,13276800
tridag_gpu_m_tridag_array_gpu_199,hand-written,Pressure,8,0.058240,14236000,17771537
sgs_gpu_m_sgs_stag_gpu_708,hand-written,SGS,1,0.051712,73729000,7077888
convec_gpu_m_convec_gpu_262,hand-written,Convection,1,0.044384,69535000,9443328
sgs_gpu_m_sgs_stag_gpu_871,hand-written,SGS,1,0.034112,38862000,0
sgs_gpu_m_divstress_uv_gpu_1107,hand-written,SGS,1,0.032736,38849000,0
derivatives_gpu_m_ddz_w_gpu_249,hand-written,Derivatives;SGS,3,0.030656,12000,0
derivatives_gpu_m_ddz_w_gpu_257,hand-written,Derivatives;SGS,3,0.030656,14000,0
derivatives_gpu_m_ddz_uv_gpu_195,hand-written,Derivatives;SGS,3,0.030432,12000,0
derivatives_gpu_m_ddz_uv_gpu_176,hand-written,Derivatives;SGS,3,0.030336,13000,0
wallstress_ws_equilibrium_lbc_378,hand-written,Other,1,0.029632,25290000,109707264
test_filtermodule_test_filter_plane_gpu_1032,hand-written,Other,2,0.025440,28340000,2360832
sgs_gpu_m_sgs_stag_gpu_886,hand-written,SGS,1,0.023552,19888000,0
sgs_gpu_m_divstress_w_gpu_1251,hand-written,SGS,1,0.022656,32395000,2359296
wallstress_ws_equilibrium_lbc_367,hand-written,Other,1,0.020896,24308000,0
convec_gpu_m_convec_gpu_466,hand-written,Convection,1,0.019552,3503000,0
atm_lesgo_interface_atm_prepare_direct_w_999,ATM,Turbines,1,0.018368,20792000,2359296
sgs_gpu_m_divstress_w_gpu_1201,hand-written,SGS,1,0.018048,10487000,0
convec_gpu_m_unpadd_gpu_565,hand-written,Convection,3,0.018016,131000,0
sgs_gpu_m_divstress_w_gpu_1226,hand-written,SGS,1,0.017504,20934000,1179648
atm_lesgo_interface_atm_batch_sample_velocity_gpu_6761,ATM,Turbines,1,0.017088,1441000,5422380
convec_gpu_m_convec_gpu_495,hand-written,Convection,1,0.016448,10406000,0
convec_gpu_m_unpadd_gpu_572,hand-written,Convection,3,0.016224,21000,0
main_823,hand-written,Other,1,0.016160,10366000,0
press_gpu_m_press_stag_array_gpu_195,hand-written,Pressure,1,0.015840,9470000,1180416
main_814,hand-written,Other,1,0.015680,10367000,0
derivatives_gpu_m_filt_da_gpu_105,hand-written,Derivatives,3,0.014848,142000,0
press_gpu_m_press_stag_array_gpu_501,hand-written,Pressure,1,0.014272,2000000,0
sgs_gpu_m_divstress_uv_gpu_1157,hand-written,SGS,1,0.014176,1660000,0
convec_gpu_m_convec_gpu_507,hand-written,Convection,1,0.014080,1438000,0
sgs_gpu_m_divstress_uv_gpu_1149,hand-written,SGS,1,0.013952,1272000,0
press_gpu_m_press_stag_array_gpu_325,hand-written,Pressure,1,0.013824,9465000,2360832
derivatives_gpu_m_filt_da_gpu_112,hand-written,Derivatives,3,0.013792,21000,0
press_gpu_m_press_stag_array_gpu_314,hand-written,Pressure,1,0.012448,130000,0
press_gpu_m_press_stag_array_gpu_509,hand-written,Pressure,1,0.012160,5000,0
press_gpu_m_press_stag_array_gpu_532,hand-written,Pressure,1,0.012096,5000,0
convec_gpu_m_convec_gpu_515,hand-written,Convection,1,0.011936,5000,0
forcing_project_677,hand-written,Projection,1,0.011712,6000,0
sgs_gpu_m_divstress_w_gpu_1214,hand-written,SGS,1,0.010976,5000,0
sgs_gpu_m_divstress_uv_gpu_1135,hand-written,SGS,1,0.009472,87000,0
atm_lesgo_interface_atm_batch_cl_correction_gpu_7200,ATM,Turbines,1,0.007904,916000,993600
press_gpu_m_press_stag_array_gpu_454,hand-written,Pressure,1,0.007104,43000,0
atm_lesgo_interface_atm_batch_cl_correction_gpu_7227,ATM,Turbines,1,0.007072,222000,21060
press_gpu_m_press_stag_array_gpu_461,hand-written,Pressure,1,0.006656,8000,0
sgs_gpu_m_divstress_w_gpu_1272,hand-written,SGS,1,0.006528,12000,0
press_gpu_m_press_stag_array_gpu_216,hand-written,Pressure,1,0.006368,563000,0
press_gpu_m_press_stag_array_gpu_224,hand-written,Pressure,1,0.005696,5000,0
press_gpu_m_press_stag_array_gpu_246,hand-written,Pressure,1,0.005056,4000,0
press_gpu_m_press_stag_array_gpu_253,hand-written,Pressure,1,0.003904,4000,0
