idx,stage,family,time_us,ai,tflops,dram_pct,kernel
0,Other,hand-written,717.4,0.0000,0.000,62.2,cfl_util_get_cfl_dt_194
1,Other,hand-written,118.5,0.0000,0.000,0.7,cfl_util_get_cfl_dt_194
2,Other,hand-written,1152.4,0.0000,0.000,81.4,main_234
3,Derivatives,hand-written,390.4,0.0643,0.103,78.4,derivatives_gpu_m_filt_da_gpu_92
4,Derivatives,cuFFT,350.6,0.0000,0.000,87.6,"void kernel_wrapper<unsigned int, &packR2C_kernel_impl<unsigned int, double>>(RealComplex_"
5,Derivatives,cuFFT,373.3,1.8000,3.008,82.0,"void vector_fft<1536, EPT<12>, 1, 0, 14, 0, 2, 0, unsigned int, double, HostConfigPlacehol"
6,Derivatives,cuFFT,362.2,0.9290,1.608,84.9,"void postprocess_kernel<double, unsigned int, 2>(real_complex_args_t<T2>)"
7,Derivatives,cuFFT,420.5,1.4221,2.118,73.0,"void regular_fft<384, EPT<8, 12>, 8, 2, 14, 0, 2, 1, unsigned int, double, HostConfigPlace"
8,Derivatives,hand-written,5.2,0.0000,0.000,0.4,derivatives_gpu_m_filt_da_gpu_105
9,Derivatives,hand-written,4.6,0.0000,0.000,0.1,derivatives_gpu_m_filt_da_gpu_112
10,Derivatives,hand-written,720.4,0.0955,0.167,85.8,derivatives_gpu_m_filt_da_gpu_127
11,Derivatives,cuFFT,421.6,1.4221,2.113,72.9,"void regular_fft<384, EPT<8, 12>, 8, 2, 14, 0, 2, 1, unsigned int, double, HostConfigPlace"
12,Derivatives,cuFFT,362.9,0.8328,1.439,84.7,"void preprocess_kernel<double, unsigned int, 2>(real_complex_args_t<T2>)"
13,Derivatives,cuFFT,373.3,1.8000,3.009,82.0,"void vector_fft<1536, EPT<12>, 1, 0, 14, 0, 2, 0, unsigned int, double, HostConfigPlacehol"
14,Derivatives,cuFFT,355.7,0.0000,0.000,86.6,"void kernel_wrapper<unsigned int, &unpackC2R_kernel_impl<unsigned int, double>>(RealComple"
15,Derivatives,cuFFT,421.4,1.4221,2.114,72.9,"void regular_fft<384, EPT<8, 12>, 8, 2, 14, 0, 2, 1, unsigned int, double, HostConfigPlace"
16,Derivatives,cuFFT,366.3,0.8326,1.426,84.0,"void preprocess_kernel<double, unsigned int, 2>(real_complex_args_t<T2>)"
17,Derivatives,cuFFT,374.3,1.8001,3.000,81.7,"void vector_fft<1536, EPT<12>, 1, 0, 14, 0, 2, 0, unsigned int, double, HostConfigPlacehol"
18,Derivatives,cuFFT,356.9,0.0000,0.000,86.2,"void kernel_wrapper<unsigned int, &unpackC2R_kernel_impl<unsigned int, double>>(RealComple"
19,Derivatives,cuFFT,422.2,1.4220,2.109,72.7,"void regular_fft<384, EPT<8, 12>, 8, 2, 14, 0, 2, 1, unsigned int, double, HostConfigPlace"
20,Derivatives,cuFFT,362.8,0.8327,1.439,84.8,"void preprocess_kernel<double, unsigned int, 2>(real_complex_args_t<T2>)"
21,Derivatives,cuFFT,372.9,1.8002,3.012,82.1,"void vector_fft<1536, EPT<12>, 1, 0, 14, 0, 2, 0, unsigned int, double, HostConfigPlacehol"
22,Derivatives,cuFFT,353.6,0.0000,0.000,87.0,"void kernel_wrapper<unsigned int, &unpackC2R_kernel_impl<unsigned int, double>>(RealComple"
23,Derivatives,hand-written,388.9,0.0643,0.103,78.7,derivatives_gpu_m_filt_da_gpu_92
24,Derivatives,cuFFT,351.8,0.0000,0.000,87.3,"void kernel_wrapper<unsigned int, &packR2C_kernel_impl<unsigned int, double>>(RealComplex_"
25,Derivatives,cuFFT,372.9,1.8000,3.012,82.1,"void vector_fft<1536, EPT<12>, 1, 0, 14, 0, 2, 0, unsigned int, double, HostConfigPlacehol"
26,Derivatives,cuFFT,361.5,0.9286,1.611,85.1,"void postprocess_kernel<double, unsigned int, 2>(real_complex_args_t<T2>)"
27,Derivatives,cuFFT,421.5,1.4221,2.113,72.9,"void regular_fft<384, EPT<8, 12>, 8, 2, 14, 0, 2, 1, unsigned int, double, HostConfigPlace"
28,Derivatives,hand-written,4.7,0.0000,0.000,0.5,derivatives_gpu_m_filt_da_gpu_105
29,Derivatives,hand-written,4.5,0.0000,0.000,0.1,derivatives_gpu_m_filt_da_gpu_112
30,Derivatives,hand-written,722.9,0.0957,0.167,85.4,derivatives_gpu_m_filt_da_gpu_127
31,Derivatives,cuFFT,420.8,1.4219,2.117,73.0,"void regular_fft<384, EPT<8, 12>, 8, 2, 14, 0, 2, 1, unsigned int, double, HostConfigPlace"
32,Derivatives,cuFFT,361.0,0.8332,1.446,85.1,"void preprocess_kernel<double, unsigned int, 2>(real_complex_args_t<T2>)"
33,Derivatives,cuFFT,372.7,1.8002,3.013,82.1,"void vector_fft<1536, EPT<12>, 1, 0, 14, 0, 2, 0, unsigned int, double, HostConfigPlacehol"
34,Derivatives,cuFFT,357.0,0.0000,0.000,86.2,"void kernel_wrapper<unsigned int, &unpackC2R_kernel_impl<unsigned int, double>>(RealComple"
35,Derivatives,cuFFT,421.7,1.4221,2.112,72.8,"void regular_fft<384, EPT<8, 12>, 8, 2, 14, 0, 2, 1, unsigned int, double, HostConfigPlace"
36,Derivatives,cuFFT,363.5,0.8325,1.436,84.6,"void preprocess_kernel<double, unsigned int, 2>(real_complex_args_t<T2>)"
37,Derivatives,cuFFT,374.0,1.8003,3.003,81.8,"void vector_fft<1536, EPT<12>, 1, 0, 14, 0, 2, 0, unsigned int, double, HostConfigPlacehol"
38,Derivatives,cuFFT,354.7,0.0000,0.000,86.8,"void kernel_wrapper<unsigned int, &unpackC2R_kernel_impl<unsigned int, double>>(RealComple"
39,Derivatives,cuFFT,423.1,1.4221,2.105,72.6,"void regular_fft<384, EPT<8, 12>, 8, 2, 14, 0, 2, 1, unsigned int, double, HostConfigPlace"
40,Derivatives,cuFFT,364.7,0.8324,1.432,84.4,"void preprocess_kernel<double, unsigned int, 2>(real_complex_args_t<T2>)"
41,Derivatives,cuFFT,369.3,1.7999,3.041,82.8,"void vector_fft<1536, EPT<12>, 1, 0, 14, 0, 2, 0, unsigned int, double, HostConfigPlacehol"
42,Derivatives,cuFFT,358.2,0.0000,0.000,85.9,"void kernel_wrapper<unsigned int, &unpackC2R_kernel_impl<unsigned int, double>>(RealComple"
43,Derivatives,hand-written,389.8,0.0643,0.103,78.5,derivatives_gpu_m_filt_da_gpu_92
44,Derivatives,cuFFT,351.5,0.0000,0.000,87.4,"void kernel_wrapper<unsigned int, &packR2C_kernel_impl<unsigned int, double>>(RealComplex_"
45,Derivatives,cuFFT,373.3,1.8003,3.009,82.0,"void vector_fft<1536, EPT<12>, 1, 0, 14, 0, 2, 0, unsigned int, double, HostConfigPlacehol"
46,Derivatives,cuFFT,363.0,0.9286,1.604,84.7,"void postprocess_kernel<double, unsigned int, 2>(real_complex_args_t<T2>)"
47,Derivatives,cuFFT,421.5,1.4222,2.113,72.9,"void regular_fft<384, EPT<8, 12>, 8, 2, 14, 0, 2, 1, unsigned int, double, HostConfigPlace"
48,Derivatives,hand-written,5.0,0.0000,0.000,0.5,derivatives_gpu_m_filt_da_gpu_105
49,Derivatives,hand-written,4.6,0.0000,0.000,0.1,derivatives_gpu_m_filt_da_gpu_112
50,Derivatives,hand-written,720.2,0.0957,0.167,85.6,derivatives_gpu_m_filt_da_gpu_127
51,Derivatives,cuFFT,422.4,1.4220,2.108,72.7,"void regular_fft<384, EPT<8, 12>, 8, 2, 14, 0, 2, 1, unsigned int, double, HostConfigPlace"
52,Derivatives,cuFFT,363.5,0.8330,1.436,84.6,"void preprocess_kernel<double, unsigned int, 2>(real_complex_args_t<T2>)"
53,Derivatives,cuFFT,369.8,1.8002,3.037,82.7,"void vector_fft<1536, EPT<12>, 1, 0, 14, 0, 2, 0, unsigned int, double, HostConfigPlacehol"
54,Derivatives,cuFFT,354.2,0.0000,0.000,86.9,"void kernel_wrapper<unsigned int, &unpackC2R_kernel_impl<unsigned int, double>>(RealComple"
55,Derivatives,cuFFT,425.4,1.4222,2.093,72.2,"void regular_fft<384, EPT<8, 12>, 8, 2, 14, 0, 2, 1, unsigned int, double, HostConfigPlace"
56,Derivatives,cuFFT,362.9,0.8328,1.439,84.7,"void preprocess_kernel<double, unsigned int, 2>(real_complex_args_t<T2>)"
57,Derivatives,cuFFT,371.8,1.8003,3.021,82.3,"void vector_fft<1536, EPT<12>, 1, 0, 14, 0, 2, 0, unsigned int, double, HostConfigPlacehol"
58,Derivatives,cuFFT,356.0,0.0000,0.000,86.5,"void kernel_wrapper<unsigned int, &unpackC2R_kernel_impl<unsigned int, double>>(RealComple"
59,Derivatives,cuFFT,424.4,1.4221,2.099,72.4,"void regular_fft<384, EPT<8, 12>, 8, 2, 14, 0, 2, 1, unsigned int, double, HostConfigPlace"
60,Derivatives,cuFFT,362.3,0.8332,1.441,84.8,"void preprocess_kernel<double, unsigned int, 2>(real_complex_args_t<T2>)"
61,Derivatives,cuFFT,371.8,1.8002,3.020,82.3,"void vector_fft<1536, EPT<12>, 1, 0, 14, 0, 2, 0, unsigned int, double, HostConfigPlacehol"
62,Derivatives,cuFFT,356.6,0.0000,0.000,86.3,"void kernel_wrapper<unsigned int, &unpackC2R_kernel_impl<unsigned int, double>>(RealComple"
63,Derivatives,hand-written,10.0,0.0000,0.000,0.0,derivatives_gpu_m_ddz_uv_gpu_176
64,Derivatives,hand-written,478.4,0.1024,0.163,78.0,derivatives_gpu_m_ddz_uv_gpu_184
65,Derivatives,hand-written,10.1,0.0000,0.000,0.0,derivatives_gpu_m_ddz_uv_gpu_195
66,Derivatives,hand-written,10.0,0.0000,0.000,0.0,derivatives_gpu_m_ddz_uv_gpu_176
67,Derivatives,hand-written,477.8,0.1029,0.163,77.7,derivatives_gpu_m_ddz_uv_gpu_184
68,Derivatives,hand-written,10.1,0.0000,0.000,0.0,derivatives_gpu_m_ddz_uv_gpu_195
69,Derivatives,hand-written,482.8,0.1022,0.161,77.4,derivatives_gpu_m_ddz_w_gpu_237
70,Derivatives,hand-written,10.3,0.0000,0.000,0.0,derivatives_gpu_m_ddz_w_gpu_249
71,Derivatives,hand-written,10.1,0.0000,0.000,0.0,derivatives_gpu_m_ddz_w_gpu_257
72,Other,hand-written,20.9,0.0000,0.000,57.1,wallstress_ws_equilibrium_lbc_367
73,Other,cuFFT,10.7,0.0000,0.000,43.5,"void kernel_wrapper<unsigned int, &packR2C_kernel_impl<unsigned int, double>>(RealComplex_"
74,Other,cuFFT,19.0,3.4916,1.735,24.4,"void vector_fft<1536, EPT<12>, 1, 0, 14, 0, 2, 0, unsigned int, double, HostConfigPlacehol"
75,Other,cuFFT,12.6,1.8105,1.362,36.9,"void postprocess_kernel<double, unsigned int, 2>(real_complex_args_t<T2>)"
76,Other,cuFFT,21.2,2.7809,1.242,21.9,"void regular_fft<384, EPT<8, 12>, 8, 2, 14, 0, 2, 1, unsigned int, double, HostConfigPlace"
77,Other,hand-written,12.6,0.0833,0.094,55.1,test_filtermodule_test_filter_plane_gpu_1032
78,Other,cuFFT,20.9,2.7806,1.259,22.2,"void regular_fft<384, EPT<8, 12>, 8, 2, 14, 0, 2, 1, unsigned int, double, HostConfigPlace"
79,Other,cuFFT,12.8,1.6124,1.203,36.6,"void preprocess_kernel<double, unsigned int, 2>(real_complex_args_t<T2>)"
80,Other,cuFFT,19.1,3.4916,1.726,24.2,"void vector_fft<1536, EPT<12>, 1, 0, 14, 0, 2, 0, unsigned int, double, HostConfigPlacehol"
81,Other,cuFFT,11.0,0.0000,0.000,42.2,"void kernel_wrapper<unsigned int, &unpackC2R_kernel_impl<unsigned int, double>>(RealComple"
82,Other,cuFFT,10.7,0.0000,0.000,43.4,"void kernel_wrapper<unsigned int, &packR2C_kernel_impl<unsigned int, double>>(RealComplex_"
83,Other,cuFFT,19.3,3.4916,1.715,24.1,"void vector_fft<1536, EPT<12>, 1, 0, 14, 0, 2, 0, unsigned int, double, HostConfigPlacehol"
84,Other,cuFFT,12.5,1.8090,1.372,37.2,"void postprocess_kernel<double, unsigned int, 2>(real_complex_args_t<T2>)"
85,Other,cuFFT,21.0,2.7809,1.251,22.1,"void regular_fft<384, EPT<8, 12>, 8, 2, 14, 0, 2, 1, unsigned int, double, HostConfigPlace"
86,Other,hand-written,12.8,0.0833,0.092,54.2,test_filtermodule_test_filter_plane_gpu_1032
87,Other,cuFFT,21.4,2.7809,1.229,21.7,"void regular_fft<384, EPT<8, 12>, 8, 2, 14, 0, 2, 1, unsigned int, double, HostConfigPlace"
88,Other,cuFFT,12.7,1.6197,1.212,36.7,"void preprocess_kernel<double, unsigned int, 2>(real_complex_args_t<T2>)"
89,Other,cuFFT,19.4,3.4916,1.700,23.9,"void vector_fft<1536, EPT<12>, 1, 0, 14, 0, 2, 0, unsigned int, double, HostConfigPlacehol"
90,Other,cuFFT,11.1,0.0000,0.000,41.8,"void kernel_wrapper<unsigned int, &unpackC2R_kernel_impl<unsigned int, double>>(RealComple"
91,Other,hand-written,29.6,4.3380,3.702,41.9,wallstress_ws_equilibrium_lbc_378
92,Other,hand-written,70.0,0.7354,0.893,59.5,wallstress_ws_equilibrium_lbc_393
93,SGS,hand-written,98.6,0.0775,0.120,75.8,sgs_gpu_m_calc_sij_gpu_948
94,SGS,hand-written,3700.2,0.0875,0.143,80.1,sgs_gpu_m_calc_sij_gpu_1050
95,SGS,hand-written,1752.2,0.6405,0.911,69.8,sgs_gpu_m_sgs_stag_gpu_623
96,SGS,hand-written,51.7,0.0960,0.137,69.9,sgs_gpu_m_sgs_stag_gpu_708
97,SGS,hand-written,3226.2,0.1042,0.170,80.0,sgs_gpu_m_sgs_stag_gpu_810
98,SGS,hand-written,34.1,0.0000,0.000,55.9,sgs_gpu_m_sgs_stag_gpu_871
99,SGS,hand-written,23.6,0.0000,0.000,41.4,sgs_gpu_m_sgs_stag_gpu_886
100,SGS,hand-written,398.5,0.0637,0.101,77.5,derivatives_gpu_m_ddx_gpu_298
101,SGS,cuFFT,353.7,0.0000,0.000,86.9,"void kernel_wrapper<unsigned int, &packR2C_kernel_impl<unsigned int, double>>(RealComplex_"
102,SGS,cuFFT,375.2,1.8003,2.993,81.5,"void vector_fft<1536, EPT<12>, 1, 0, 14, 0, 2, 0, unsigned int, double, HostConfigPlacehol"
103,SGS,cuFFT,363.7,0.9290,1.601,84.5,"void postprocess_kernel<double, unsigned int, 2>(real_complex_args_t<T2>)"
104,SGS,cuFFT,420.9,1.4223,2.116,73.0,"void regular_fft<384, EPT<8, 12>, 8, 2, 14, 0, 2, 1, unsigned int, double, HostConfigPlace"
105,SGS,hand-written,375.5,0.0929,0.160,84.3,derivatives_gpu_m_ddx_gpu_313
106,SGS,cuFFT,421.8,1.4222,2.112,72.8,"void regular_fft<384, EPT<8, 12>, 8, 2, 14, 0, 2, 1, unsigned int, double, HostConfigPlace"
107,SGS,cuFFT,364.1,0.8331,1.434,84.4,"void preprocess_kernel<double, unsigned int, 2>(real_complex_args_t<T2>)"
108,SGS,cuFFT,372.1,1.8001,3.018,82.2,"void vector_fft<1536, EPT<12>, 1, 0, 14, 0, 2, 0, unsigned int, double, HostConfigPlacehol"
109,SGS,cuFFT,358.3,0.0000,0.000,85.9,"void kernel_wrapper<unsigned int, &unpackC2R_kernel_impl<unsigned int, double>>(RealComple"
110,SGS,hand-written,399.5,0.0637,0.100,77.3,derivatives_gpu_m_ddy_gpu_362
111,SGS,cuFFT,351.1,0.0000,0.000,87.5,"void kernel_wrapper<unsigned int, &packR2C_kernel_impl<unsigned int, double>>(RealComplex_"
112,SGS,cuFFT,371.6,1.7999,3.022,82.3,"void vector_fft<1536, EPT<12>, 1, 0, 14, 0, 2, 0, unsigned int, double, HostConfigPlacehol"
113,SGS,cuFFT,362.9,0.9291,1.605,84.7,"void postprocess_kernel<double, unsigned int, 2>(real_complex_args_t<T2>)"
114,SGS,cuFFT,421.3,1.4222,2.114,72.9,"void regular_fft<384, EPT<8, 12>, 8, 2, 14, 0, 2, 1, unsigned int, double, HostConfigPlace"
115,SGS,hand-written,375.6,0.0929,0.160,84.4,derivatives_gpu_m_ddy_gpu_376
116,SGS,cuFFT,414.8,1.4221,2.147,74.0,"void regular_fft<384, EPT<8, 12>, 8, 2, 14, 0, 2, 1, unsigned int, double, HostConfigPlace"
117,SGS,cuFFT,363.1,0.8327,1.438,84.7,"void preprocess_kernel<double, unsigned int, 2>(real_complex_args_t<T2>)"
118,SGS,cuFFT,369.3,1.8002,3.041,82.8,"void vector_fft<1536, EPT<12>, 1, 0, 14, 0, 2, 0, unsigned int, double, HostConfigPlacehol"
119,SGS,cuFFT,357.2,0.0000,0.000,86.2,"void kernel_wrapper<unsigned int, &unpackC2R_kernel_impl<unsigned int, double>>(RealComple"
120,SGS,hand-written,399.3,0.0637,0.101,77.4,derivatives_gpu_m_ddxy_gpu_427
121,SGS,cuFFT,351.4,0.0000,0.000,87.4,"void kernel_wrapper<unsigned int, &packR2C_kernel_impl<unsigned int, double>>(RealComplex_"
122,SGS,cuFFT,370.8,1.8002,3.029,82.5,"void vector_fft<1536, EPT<12>, 1, 0, 14, 0, 2, 0, unsigned int, double, HostConfigPlacehol"
123,SGS,cuFFT,363.5,0.9286,1.602,84.6,"void postprocess_kernel<double, unsigned int, 2>(real_complex_args_t<T2>)"
124,SGS,cuFFT,418.5,1.4221,2.128,73.4,"void regular_fft<384, EPT<8, 12>, 8, 2, 14, 0, 2, 1, unsigned int, double, HostConfigPlace"
125,SGS,hand-written,693.4,0.1024,0.173,82.9,derivatives_gpu_m_ddxy_gpu_442
126,SGS,cuFFT,420.4,1.4222,2.118,73.1,"void regular_fft<384, EPT<8, 12>, 8, 2, 14, 0, 2, 1, unsigned int, double, HostConfigPlace"
127,SGS,cuFFT,367.0,0.8331,1.423,83.8,"void preprocess_kernel<double, unsigned int, 2>(real_complex_args_t<T2>)"
128,SGS,cuFFT,373.5,1.8003,3.006,81.9,"void vector_fft<1536, EPT<12>, 1, 0, 14, 0, 2, 0, unsigned int, double, HostConfigPlacehol"
129,SGS,cuFFT,356.7,0.0000,0.000,86.3,"void kernel_wrapper<unsigned int, &unpackC2R_kernel_impl<unsigned int, double>>(RealComple"
130,SGS,cuFFT,423.9,1.4222,2.101,72.4,"void regular_fft<384, EPT<8, 12>, 8, 2, 14, 0, 2, 1, unsigned int, double, HostConfigPlace"
131,SGS,cuFFT,364.3,0.8325,1.433,84.5,"void preprocess_kernel<double, unsigned int, 2>(real_complex_args_t<T2>)"
132,SGS,cuFFT,370.8,1.8005,3.029,82.5,"void vector_fft<1536, EPT<12>, 1, 0, 14, 0, 2, 0, unsigned int, double, HostConfigPlacehol"
133,SGS,cuFFT,356.3,0.0000,0.000,86.4,"void kernel_wrapper<unsigned int, &unpackC2R_kernel_impl<unsigned int, double>>(RealComple"
134,SGS,hand-written,480.4,0.1024,0.162,77.6,derivatives_gpu_m_ddz_w_gpu_237
135,SGS,hand-written,10.1,0.0000,0.000,0.0,derivatives_gpu_m_ddz_w_gpu_249
136,SGS,hand-written,10.1,0.0000,0.000,0.0,derivatives_gpu_m_ddz_w_gpu_257
137,SGS,hand-written,479.1,0.1024,0.163,77.8,derivatives_gpu_m_ddz_w_gpu_237
138,SGS,hand-written,10.3,0.0000,0.000,0.0,derivatives_gpu_m_ddz_w_gpu_249
139,SGS,hand-written,10.5,0.0000,0.000,0.0,derivatives_gpu_m_ddz_w_gpu_257
140,SGS,hand-written,32.7,0.0000,0.000,58.2,sgs_gpu_m_divstress_uv_gpu_1107
141,SGS,hand-written,1361.4,0.0626,0.111,86.9,sgs_gpu_m_divstress_uv_gpu_1122
142,SGS,hand-written,9.5,0.0000,0.000,0.5,sgs_gpu_m_divstress_uv_gpu_1135
143,SGS,hand-written,14.0,0.0000,0.000,4.5,sgs_gpu_m_divstress_uv_gpu_1149
144,SGS,hand-written,14.2,0.0000,0.000,5.7,sgs_gpu_m_divstress_uv_gpu_1157
145,SGS,hand-written,398.6,0.0637,0.101,77.5,derivatives_gpu_m_ddx_gpu_298
146,SGS,cuFFT,351.9,0.0000,0.000,87.3,"void kernel_wrapper<unsigned int, &packR2C_kernel_impl<unsigned int, double>>(RealComplex_"
147,SGS,cuFFT,374.6,1.8000,2.998,81.7,"void vector_fft<1536, EPT<12>, 1, 0, 14, 0, 2, 0, unsigned int, double, HostConfigPlacehol"
148,SGS,cuFFT,364.6,0.9288,1.597,84.3,"void postprocess_kernel<double, unsigned int, 2>(real_complex_args_t<T2>)"
149,SGS,cuFFT,422.5,1.4221,2.108,72.7,"void regular_fft<384, EPT<8, 12>, 8, 2, 14, 0, 2, 1, unsigned int, double, HostConfigPlace"
150,SGS,hand-written,376.2,0.0929,0.160,84.2,derivatives_gpu_m_ddx_gpu_313
151,SGS,cuFFT,421.8,1.4221,2.111,72.8,"void regular_fft<384, EPT<8, 12>, 8, 2, 14, 0, 2, 1, unsigned int, double, HostConfigPlace"
152,SGS,cuFFT,362.0,0.8329,1.442,84.9,"void preprocess_kernel<double, unsigned int, 2>(real_complex_args_t<T2>)"
153,SGS,cuFFT,372.0,1.8002,3.019,82.3,"void vector_fft<1536, EPT<12>, 1, 0, 14, 0, 2, 0, unsigned int, double, HostConfigPlacehol"
154,SGS,cuFFT,357.6,0.0000,0.000,86.1,"void kernel_wrapper<unsigned int, &unpackC2R_kernel_impl<unsigned int, double>>(RealComple"
155,SGS,hand-written,398.4,0.0637,0.101,77.5,derivatives_gpu_m_ddy_gpu_362
156,SGS,cuFFT,352.1,0.0000,0.000,87.2,"void kernel_wrapper<unsigned int, &packR2C_kernel_impl<unsigned int, double>>(RealComplex_"
157,SGS,cuFFT,370.1,1.8002,3.034,82.7,"void vector_fft<1536, EPT<12>, 1, 0, 14, 0, 2, 0, unsigned int, double, HostConfigPlacehol"
158,SGS,cuFFT,359.9,0.9293,1.618,85.4,"void postprocess_kernel<double, unsigned int, 2>(real_complex_args_t<T2>)"
159,SGS,cuFFT,422.8,1.4223,2.106,72.6,"void regular_fft<384, EPT<8, 12>, 8, 2, 14, 0, 2, 1, unsigned int, double, HostConfigPlace"
160,SGS,hand-written,374.9,0.0929,0.160,84.5,derivatives_gpu_m_ddy_gpu_376
161,SGS,cuFFT,421.6,1.4221,2.113,72.9,"void regular_fft<384, EPT<8, 12>, 8, 2, 14, 0, 2, 1, unsigned int, double, HostConfigPlace"
162,SGS,cuFFT,366.2,0.8326,1.426,84.0,"void preprocess_kernel<double, unsigned int, 2>(real_complex_args_t<T2>)"
163,SGS,cuFFT,372.9,1.8000,3.012,82.1,"void vector_fft<1536, EPT<12>, 1, 0, 14, 0, 2, 0, unsigned int, double, HostConfigPlacehol"
164,SGS,cuFFT,355.8,0.0000,0.000,86.5,"void kernel_wrapper<unsigned int, &unpackC2R_kernel_impl<unsigned int, double>>(RealComple"
165,SGS,hand-written,10.4,0.0000,0.000,0.0,derivatives_gpu_m_ddz_uv_gpu_176
166,SGS,hand-written,477.2,0.1033,0.163,77.5,derivatives_gpu_m_ddz_uv_gpu_184
167,SGS,hand-written,10.1,0.0000,0.000,0.0,derivatives_gpu_m_ddz_uv_gpu_195
168,SGS,hand-written,18.0,0.0000,0.000,28.5,sgs_gpu_m_divstress_w_gpu_1201
169,SGS,hand-written,11.0,0.0000,0.000,0.0,sgs_gpu_m_divstress_w_gpu_1214
170,SGS,hand-written,17.5,0.0564,0.067,58.7,sgs_gpu_m_divstress_w_gpu_1226
171,SGS,hand-written,22.7,0.0728,0.104,70.1,sgs_gpu_m_divstress_w_gpu_1251
172,SGS,hand-written,683.7,0.0627,0.107,83.7,sgs_gpu_m_divstress_w_gpu_1261
173,SGS,hand-written,6.5,0.0000,0.000,0.1,sgs_gpu_m_divstress_w_gpu_1272
174,Convection,hand-written,1153.2,0.0629,0.104,81.4,convec_gpu_m_convec_gpu_169
175,Convection,cuFFT,352.4,0.0000,0.000,87.2,"void kernel_wrapper<unsigned int, &packR2C_kernel_impl<unsigned int, double>>(RealComplex_"
176,Convection,cuFFT,375.9,1.8001,2.988,81.4,"void vector_fft<1536, EPT<12>, 1, 0, 14, 0, 2, 0, unsigned int, double, HostConfigPlacehol"
177,Convection,cuFFT,359.3,0.9291,1.621,85.6,"void postprocess_kernel<double, unsigned int, 2>(real_complex_args_t<T2>)"
178,Convection,cuFFT,421.1,1.4221,2.115,72.9,"void regular_fft<384, EPT<8, 12>, 8, 2, 14, 0, 2, 1, unsigned int, double, HostConfigPlace"
179,Convection,cuFFT,349.4,0.0000,0.000,87.9,"void kernel_wrapper<unsigned int, &packR2C_kernel_impl<unsigned int, double>>(RealComplex_"
180,Convection,cuFFT,372.0,1.8004,3.019,82.2,"void vector_fft<1536, EPT<12>, 1, 0, 14, 0, 2, 0, unsigned int, double, HostConfigPlacehol"
181,Convection,cuFFT,361.4,0.9292,1.611,85.0,"void postprocess_kernel<double, unsigned int, 2>(real_complex_args_t<T2>)"
182,Convection,cuFFT,422.5,1.4223,2.108,72.7,"void regular_fft<384, EPT<8, 12>, 8, 2, 14, 0, 2, 1, unsigned int, double, HostConfigPlace"
183,Convection,cuFFT,351.3,0.0000,0.000,87.5,"void kernel_wrapper<unsigned int, &packR2C_kernel_impl<unsigned int, double>>(RealComplex_"
184,Convection,cuFFT,373.7,1.8003,3.005,81.9,"void vector_fft<1536, EPT<12>, 1, 0, 14, 0, 2, 0, unsigned int, double, HostConfigPlacehol"
185,Convection,cuFFT,361.9,0.9289,1.609,85.0,"void postprocess_kernel<double, unsigned int, 2>(real_complex_args_t<T2>)"
186,Convection,cuFFT,421.5,1.4223,2.113,72.8,"void regular_fft<384, EPT<8, 12>, 8, 2, 14, 0, 2, 1, unsigned int, double, HostConfigPlace"
187,Convection,hand-written,1146.9,0.0000,0.000,91.9,convec_gpu_m_convec_gpu_191
188,Convection,hand-written,575.0,0.0000,0.000,81.0,convec_gpu_m_convec_gpu_203
189,Convection,hand-written,567.4,0.0000,0.000,81.7,convec_gpu_m_convec_gpu_215
190,Convection,cuFFT,1390.2,1.5089,1.551,50.4,"void regular_fft<576, EPT<8, 9>, 8, 1, 6, 0, 2, 1, unsigned int, double, HostConfigPlaceho"
191,Convection,cuFFT,824.4,0.8213,1.424,85.1,"void preprocess_kernel<double, unsigned int, 2>(real_complex_args_t<T2>)"
192,Convection,cuFFT,848.8,1.9617,3.296,82.4,"void vector_fft<2304, EPT<12>, 1, 0, 14, 0, 2, 0, unsigned int, double, HostConfigPlacehol"
193,Convection,cuFFT,816.6,0.0000,0.000,85.9,"void kernel_wrapper<unsigned int, &unpackC2R_kernel_impl<unsigned int, double>>(RealComple"
194,Convection,cuFFT,1401.2,1.5087,1.538,50.0,"void regular_fft<576, EPT<8, 9>, 8, 1, 6, 0, 2, 1, unsigned int, double, HostConfigPlaceho"
195,Convection,cuFFT,827.9,0.8214,1.418,84.7,"void preprocess_kernel<double, unsigned int, 2>(real_complex_args_t<T2>)"
196,Convection,cuFFT,849.3,1.9618,3.294,82.3,"void vector_fft<2304, EPT<12>, 1, 0, 14, 0, 2, 0, unsigned int, double, HostConfigPlacehol"
197,Convection,cuFFT,817.8,0.0000,0.000,85.8,"void kernel_wrapper<unsigned int, &unpackC2R_kernel_impl<unsigned int, double>>(RealComple"
198,Convection,cuFFT,1406.7,1.5088,1.532,49.8,"void regular_fft<576, EPT<8, 9>, 8, 1, 6, 0, 2, 1, unsigned int, double, HostConfigPlaceho"
199,Convection,cuFFT,827.4,0.8213,1.419,84.7,"void preprocess_kernel<double, unsigned int, 2>(real_complex_args_t<T2>)"
200,Convection,cuFFT,846.8,1.9617,3.304,82.6,"void vector_fft<2304, EPT<12>, 1, 0, 14, 0, 2, 0, unsigned int, double, HostConfigPlacehol"
201,Convection,cuFFT,818.6,0.0000,0.000,85.7,"void kernel_wrapper<unsigned int, &unpackC2R_kernel_impl<unsigned int, double>>(RealComple"
202,Convection,hand-written,1630.6,0.0836,0.143,84.1,convec_gpu_m_convec_gpu_239
203,Convection,hand-written,44.4,0.1358,0.213,76.8,convec_gpu_m_convec_gpu_262
204,Convection,cuFFT,343.6,0.0000,0.000,86.8,"void kernel_wrapper<unsigned int, &packR2C_kernel_impl<unsigned int, double>>(RealComplex_"
205,Convection,cuFFT,362.1,1.8004,3.010,82.0,"void vector_fft<1536, EPT<12>, 1, 0, 14, 0, 2, 0, unsigned int, double, HostConfigPlacehol"
206,Convection,cuFFT,351.6,0.9294,1.607,84.8,"void postprocess_kernel<double, unsigned int, 2>(real_complex_args_t<T2>)"
207,Convection,cuFFT,410.0,1.4235,2.108,72.6,"void regular_fft<384, EPT<8, 12>, 8, 2, 14, 0, 2, 1, unsigned int, double, HostConfigPlace"
208,Convection,cuFFT,343.1,0.0000,0.000,86.9,"void kernel_wrapper<unsigned int, &packR2C_kernel_impl<unsigned int, double>>(RealComplex_"
209,Convection,cuFFT,364.0,1.8011,2.994,81.5,"void vector_fft<1536, EPT<12>, 1, 0, 14, 0, 2, 0, unsigned int, double, HostConfigPlacehol"
210,Convection,cuFFT,351.6,0.9297,1.607,84.8,"void postprocess_kernel<double, unsigned int, 2>(real_complex_args_t<T2>)"
211,Convection,cuFFT,410.0,1.4233,2.108,72.7,"void regular_fft<384, EPT<8, 12>, 8, 2, 14, 0, 2, 1, unsigned int, double, HostConfigPlace"
212,Convection,cuFFT,341.2,0.0000,0.000,87.4,"void kernel_wrapper<unsigned int, &packR2C_kernel_impl<unsigned int, double>>(RealComplex_"
213,Convection,cuFFT,362.1,1.8010,3.010,82.0,"void vector_fft<1536, EPT<12>, 1, 0, 14, 0, 2, 0, unsigned int, double, HostConfigPlacehol"
214,Convection,cuFFT,352.5,0.9293,1.603,84.6,"void postprocess_kernel<double, unsigned int, 2>(real_complex_args_t<T2>)"
215,Convection,cuFFT,410.8,1.4233,2.104,72.5,"void regular_fft<384, EPT<8, 12>, 8, 2, 14, 0, 2, 1, unsigned int, double, HostConfigPlace"
216,Convection,hand-written,1116.8,0.0000,0.000,91.6,convec_gpu_m_convec_gpu_301
217,Convection,hand-written,552.5,0.0000,0.000,81.8,convec_gpu_m_convec_gpu_312
218,Convection,hand-written,555.1,0.0000,0.000,81.0,convec_gpu_m_convec_gpu_323
219,Convection,cuFFT,1357.6,1.5095,1.541,50.1,"void regular_fft<576, EPT<8, 9>, 8, 1, 6, 0, 2, 1, unsigned int, double, HostConfigPlaceho"
220,Convection,cuFFT,801.8,0.8215,1.422,84.9,"void preprocess_kernel<double, unsigned int, 2>(real_complex_args_t<T2>)"
221,Convection,cuFFT,816.8,1.9622,3.324,83.1,"void vector_fft<2304, EPT<12>, 1, 0, 14, 0, 2, 0, unsigned int, double, HostConfigPlacehol"
222,Convection,cuFFT,791.8,0.0000,0.000,86.0,"void kernel_wrapper<unsigned int, &unpackC2R_kernel_impl<unsigned int, double>>(RealComple"
223,Convection,cuFFT,1356.1,1.5094,1.543,50.1,"void regular_fft<576, EPT<8, 9>, 8, 1, 6, 0, 2, 1, unsigned int, double, HostConfigPlaceho"
224,Convection,cuFFT,801.4,0.8215,1.422,84.9,"void preprocess_kernel<double, unsigned int, 2>(real_complex_args_t<T2>)"
225,Convection,cuFFT,821.9,1.9622,3.304,82.6,"void vector_fft<2304, EPT<12>, 1, 0, 14, 0, 2, 0, unsigned int, double, HostConfigPlacehol"
226,Convection,cuFFT,786.8,0.0000,0.000,86.5,"void kernel_wrapper<unsigned int, &unpackC2R_kernel_impl<unsigned int, double>>(RealComple"
227,Convection,cuFFT,1366.0,1.5095,1.532,49.8,"void regular_fft<576, EPT<8, 9>, 8, 1, 6, 0, 2, 1, unsigned int, double, HostConfigPlaceho"
228,Convection,cuFFT,801.3,0.8214,1.422,84.9,"void preprocess_kernel<double, unsigned int, 2>(real_complex_args_t<T2>)"
229,Convection,cuFFT,820.7,1.9621,3.308,82.7,"void vector_fft<2304, EPT<12>, 1, 0, 14, 0, 2, 0, unsigned int, double, HostConfigPlacehol"
230,Convection,cuFFT,788.6,0.0000,0.000,86.3,"void kernel_wrapper<unsigned int, &unpackC2R_kernel_impl<unsigned int, double>>(RealComple"
231,Convection,hand-written,2544.3,0.1251,0.226,88.8,convec_gpu_m_convec_gpu_347
232,Convection,hand-written,59.7,0.1302,0.222,83.8,convec_gpu_m_convec_gpu_361
233,Convection,cuFFT,758.8,0.0000,0.000,86.9,"void kernel_wrapper<unsigned int, &packR2C_kernel_impl<unsigned int, double>>(RealComplex_"
234,Convection,cuFFT,795.3,1.9631,3.311,82.7,"void vector_fft<2304, EPT<12>, 1, 0, 14, 0, 2, 0, unsigned int, double, HostConfigPlacehol"
235,Convection,cuFFT,777.7,0.9166,1.585,84.8,"void postprocess_kernel<double, unsigned int, 2>(real_complex_args_t<T2>)"
236,Convection,cuFFT,1317.9,1.5098,1.539,50.0,"void regular_fft<576, EPT<8, 9>, 8, 1, 6, 0, 2, 1, unsigned int, double, HostConfigPlaceho"
237,Convection,hand-written,198.2,0.0000,0.000,71.9,convec_gpu_m_unpadd_gpu_555
238,Convection,hand-written,6.2,0.0000,0.000,0.3,convec_gpu_m_unpadd_gpu_565
239,Convection,hand-written,5.6,0.0000,0.000,0.1,convec_gpu_m_unpadd_gpu_572
240,Convection,hand-written,201.8,0.0000,0.000,70.2,convec_gpu_m_unpadd_gpu_580
241,Convection,cuFFT,396.8,1.4244,2.112,72.7,"void regular_fft<384, EPT<8, 12>, 8, 2, 14, 0, 2, 1, unsigned int, double, HostConfigPlace"
242,Convection,cuFFT,345.1,0.8340,1.424,83.7,"void preprocess_kernel<double, unsigned int, 2>(real_complex_args_t<T2>)"
243,Convection,cuFFT,352.4,1.8025,3.000,81.6,"void vector_fft<1536, EPT<12>, 1, 0, 14, 0, 2, 0, unsigned int, double, HostConfigPlacehol"
244,Convection,cuFFT,335.6,0.0000,0.000,86.2,"void kernel_wrapper<unsigned int, &unpackC2R_kernel_impl<unsigned int, double>>(RealComple"
245,Convection,hand-written,2545.6,0.1251,0.226,88.8,convec_gpu_m_convec_gpu_399
246,Convection,hand-written,59.4,0.1303,0.223,84.1,convec_gpu_m_convec_gpu_413
247,Convection,cuFFT,755.8,0.0000,0.000,87.2,"void kernel_wrapper<unsigned int, &packR2C_kernel_impl<unsigned int, double>>(RealComplex_"
248,Convection,cuFFT,798.5,1.9628,3.298,82.4,"void vector_fft<2304, EPT<12>, 1, 0, 14, 0, 2, 0, unsigned int, double, HostConfigPlacehol"
249,Convection,cuFFT,776.1,0.9167,1.588,85.0,"void postprocess_kernel<double, unsigned int, 2>(real_complex_args_t<T2>)"
250,Convection,cuFFT,1332.1,1.5098,1.523,49.5,"void regular_fft<576, EPT<8, 9>, 8, 1, 6, 0, 2, 1, unsigned int, double, HostConfigPlaceho"
251,Convection,hand-written,197.6,0.0000,0.000,72.1,convec_gpu_m_unpadd_gpu_555
252,Convection,hand-written,6.0,0.0000,0.000,0.3,convec_gpu_m_unpadd_gpu_565
253,Convection,hand-written,5.4,0.0000,0.000,0.1,convec_gpu_m_unpadd_gpu_572
254,Convection,hand-written,201.3,0.0000,0.000,70.4,convec_gpu_m_unpadd_gpu_580
255,Convection,cuFFT,397.6,1.4242,2.108,72.6,"void regular_fft<384, EPT<8, 12>, 8, 2, 14, 0, 2, 1, unsigned int, double, HostConfigPlace"
256,Convection,cuFFT,340.4,0.8340,1.444,84.9,"void preprocess_kernel<double, unsigned int, 2>(real_complex_args_t<T2>)"
257,Convection,cuFFT,350.8,1.8026,3.013,82.0,"void vector_fft<1536, EPT<12>, 1, 0, 14, 0, 2, 0, unsigned int, double, HostConfigPlacehol"
258,Convection,cuFFT,337.0,0.0000,0.000,85.8,"void kernel_wrapper<unsigned int, &unpackC2R_kernel_impl<unsigned int, double>>(RealComple"
259,Convection,hand-written,2563.9,0.1251,0.225,88.1,convec_gpu_m_convec_gpu_451
260,Convection,hand-written,19.6,0.0000,0.000,8.8,convec_gpu_m_convec_gpu_466
261,Convection,cuFFT,780.6,0.0000,0.000,87.1,"void kernel_wrapper<unsigned int, &packR2C_kernel_impl<unsigned int, double>>(RealComplex_"
262,Convection,cuFFT,822.4,1.9626,3.302,82.5,"void vector_fft<2304, EPT<12>, 1, 0, 14, 0, 2, 0, unsigned int, double, HostConfigPlacehol"
263,Convection,cuFFT,799.9,0.9166,1.589,85.0,"void postprocess_kernel<double, unsigned int, 2>(real_complex_args_t<T2>)"
264,Convection,cuFFT,1366.0,1.5094,1.532,49.8,"void regular_fft<576, EPT<8, 9>, 8, 1, 6, 0, 2, 1, unsigned int, double, HostConfigPlaceho"
265,Convection,hand-written,204.7,0.0000,0.000,71.9,convec_gpu_m_unpadd_gpu_555
266,Convection,hand-written,5.7,0.0000,0.000,0.4,convec_gpu_m_unpadd_gpu_565
267,Convection,hand-written,5.2,0.0000,0.000,0.1,convec_gpu_m_unpadd_gpu_572
268,Convection,hand-written,207.7,0.0000,0.000,70.4,convec_gpu_m_unpadd_gpu_580
269,Convection,cuFFT,410.6,1.4232,2.105,72.5,"void regular_fft<384, EPT<8, 12>, 8, 2, 14, 0, 2, 1, unsigned int, double, HostConfigPlace"
270,Convection,cuFFT,351.5,0.8338,1.442,84.8,"void preprocess_kernel<double, unsigned int, 2>(real_complex_args_t<T2>)"
271,Convection,cuFFT,361.8,1.8016,3.013,82.0,"void vector_fft<1536, EPT<12>, 1, 0, 14, 0, 2, 0, unsigned int, double, HostConfigPlacehol"
272,Convection,cuFFT,344.2,0.0000,0.000,86.8,"void kernel_wrapper<unsigned int, &unpackC2R_kernel_impl<unsigned int, double>>(RealComple"
273,Convection,hand-written,16.4,0.0000,0.000,31.0,convec_gpu_m_convec_gpu_495
274,Convection,hand-written,14.1,0.0000,0.000,5.0,convec_gpu_m_convec_gpu_507
275,Convection,hand-written,11.9,0.0000,0.000,0.0,convec_gpu_m_convec_gpu_515
276,Turbines,ATM,18.4,0.1135,0.128,55.5,atm_lesgo_interface_atm_prepare_direct_w_999
277,Turbines,ATM,17.1,3.7629,0.317,4.1,atm_lesgo_interface_atm_batch_sample_velocity_gpu_6761
278,Other,hand-written,1573.9,0.0419,0.072,84.4,main_529
279,Other,hand-written,720.1,0.0634,0.105,81.1,main_596
280,Turbines,hand-written,543.3,0.0000,0.000,85.5,forcing_forcing_applied_442
281,Turbines,ATM,470.0,29.8019,2.769,4.6,atm_lesgo_interface_atm_batch_convolute_force_gpu_6979
282,Turbines,ATM,413.6,37.1779,3.070,4.0,atm_lesgo_interface_atm_batch_convolute_force_gpu_7023
283,Turbines,ATM,7.9,1.0847,0.126,5.7,atm_lesgo_interface_atm_batch_cl_correction_gpu_7200
284,Turbines,ATM,7.1,0.0949,0.003,1.5,atm_lesgo_interface_atm_batch_cl_correction_gpu_7227
285,Turbines,ATM,129.0,149.0079,1.573,0.5,atm_lesgo_interface_atm_batch_cl_correction_gpu_7244
286,Turbines,hand-written,1574.1,0.0419,0.072,84.4,main_659
287,Other,hand-written,2118.1,0.1566,0.267,83.8,main_744
288,Other,hand-written,15.7,0.0000,0.000,32.4,main_814
289,Other,hand-written,16.2,0.0000,0.000,31.5,main_823
290,Pressure,hand-written,1043.6,0.0630,0.109,84.6,press_gpu_m_press_stag_array_gpu_166
291,Pressure,cuFFT,331.4,0.0000,0.000,87.2,"void kernel_wrapper<unsigned int, &packR2C_kernel_impl<unsigned int, double>>(RealComplex_"
292,Pressure,cuFFT,350.1,1.8020,3.019,82.2,"void vector_fft<1536, EPT<12>, 1, 0, 14, 0, 2, 0, unsigned int, double, HostConfigPlacehol"
293,Pressure,cuFFT,341.2,0.9302,1.606,84.7,"void postprocess_kernel<double, unsigned int, 2>(real_complex_args_t<T2>)"
294,Pressure,cuFFT,395.9,1.4242,2.117,72.9,"void regular_fft<384, EPT<8, 12>, 8, 2, 14, 0, 2, 1, unsigned int, double, HostConfigPlace"
295,Pressure,cuFFT,330.3,0.0000,0.000,87.4,"void kernel_wrapper<unsigned int, &packR2C_kernel_impl<unsigned int, double>>(RealComplex_"
296,Pressure,cuFFT,350.2,1.8022,3.018,82.1,"void vector_fft<1536, EPT<12>, 1, 0, 14, 0, 2, 0, unsigned int, double, HostConfigPlacehol"
297,Pressure,cuFFT,342.7,0.9296,1.599,84.4,"void postprocess_kernel<double, unsigned int, 2>(real_complex_args_t<T2>)"
298,Pressure,cuFFT,394.5,1.4244,2.124,73.1,"void regular_fft<384, EPT<8, 12>, 8, 2, 14, 0, 2, 1, unsigned int, double, HostConfigPlace"
299,Pressure,cuFFT,330.4,0.0000,0.000,87.4,"void kernel_wrapper<unsigned int, &packR2C_kernel_impl<unsigned int, double>>(RealComplex_"
300,Pressure,cuFFT,349.9,1.8023,3.021,82.2,"void vector_fft<1536, EPT<12>, 1, 0, 14, 0, 2, 0, unsigned int, double, HostConfigPlacehol"
301,Pressure,cuFFT,341.5,0.9298,1.605,84.6,"void postprocess_kernel<double, unsigned int, 2>(real_complex_args_t<T2>)"
302,Pressure,cuFFT,392.9,1.4246,2.133,73.4,"void regular_fft<384, EPT<8, 12>, 8, 2, 14, 0, 2, 1, unsigned int, double, HostConfigPlace"
303,Pressure,hand-written,15.8,0.1246,0.075,29.3,press_gpu_m_press_stag_array_gpu_195
304,Pressure,cuFFT,10.6,0.0000,0.000,43.8,"void kernel_wrapper<unsigned int, &packR2C_kernel_impl<unsigned int, double>>(RealComplex_"
305,Pressure,cuFFT,18.9,3.4916,1.747,24.5,"void vector_fft<1536, EPT<12>, 1, 0, 14, 0, 2, 0, unsigned int, double, HostConfigPlacehol"
306,Pressure,cuFFT,12.4,1.8093,1.379,37.4,"void postprocess_kernel<double, unsigned int, 2>(real_complex_args_t<T2>)"
307,Pressure,cuFFT,21.1,2.7809,1.250,22.0,"void regular_fft<384, EPT<8, 12>, 8, 2, 14, 0, 2, 1, unsigned int, double, HostConfigPlace"
308,Pressure,hand-written,6.4,0.0000,0.000,4.3,press_gpu_m_press_stag_array_gpu_216
309,Pressure,hand-written,5.7,0.0000,0.000,0.0,press_gpu_m_press_stag_array_gpu_224
310,Pressure,hand-written,5.1,0.0000,0.000,0.0,press_gpu_m_press_stag_array_gpu_246
311,Pressure,hand-written,3.9,0.0000,0.000,0.1,press_gpu_m_press_stag_array_gpu_253
312,Pressure,hand-written,12.4,0.0000,0.000,0.5,press_gpu_m_press_stag_array_gpu_314
313,Pressure,hand-written,13.8,0.2494,0.171,33.6,press_gpu_m_press_stag_array_gpu_325
314,Pressure,hand-written,1253.8,0.1507,0.271,88.2,press_gpu_m_press_stag_array_gpu_359
315,Pressure,hand-written,7.2,1.2450,0.309,12.2,tridag_gpu_m_tridag_array_gpu_199
316,Pressure,hand-written,136.9,0.8401,0.880,51.4,tridag_gpu_m_tridag_array_gpu_218
317,Pressure,hand-written,7.3,1.2450,0.302,11.9,tridag_gpu_m_tridag_array_gpu_199
318,Pressure,hand-written,139.8,0.8400,0.862,50.3,tridag_gpu_m_tridag_array_gpu_218
319,Pressure,hand-written,7.2,1.2443,0.308,12.1,tridag_gpu_m_tridag_array_gpu_199
320,Pressure,hand-written,138.7,0.8383,0.869,50.8,tridag_gpu_m_tridag_array_gpu_218
321,Pressure,hand-written,7.3,1.2443,0.302,11.9,tridag_gpu_m_tridag_array_gpu_199
322,Pressure,hand-written,142.8,0.8386,0.844,49.3,tridag_gpu_m_tridag_array_gpu_218
323,Pressure,hand-written,7.3,1.2744,0.311,12.0,tridag_gpu_m_tridag_array_gpu_199
324,Pressure,hand-written,138.4,0.8504,0.882,50.9,tridag_gpu_m_tridag_array_gpu_218
325,Pressure,hand-written,7.3,1.2443,0.302,11.9,tridag_gpu_m_tridag_array_gpu_199
326,Pressure,hand-written,139.5,0.8382,0.864,50.5,tridag_gpu_m_tridag_array_gpu_218
327,Pressure,hand-written,7.2,1.2450,0.309,12.2,tridag_gpu_m_tridag_array_gpu_199
328,Pressure,hand-written,136.7,0.8390,0.881,51.5,tridag_gpu_m_tridag_array_gpu_218
329,Pressure,hand-written,7.4,1.2443,0.298,11.8,tridag_gpu_m_tridag_array_gpu_199
330,Pressure,hand-written,142.4,0.8380,0.846,49.5,tridag_gpu_m_tridag_array_gpu_218
331,Pressure,hand-written,60.6,0.1163,0.161,67.7,tridag_gpu_m_tridag_array_gpu_290
332,Pressure,hand-written,61.9,0.1164,0.157,66.3,tridag_gpu_m_tridag_array_gpu_290
333,Pressure,hand-written,60.4,0.1167,0.161,67.7,tridag_gpu_m_tridag_array_gpu_290
334,Pressure,hand-written,60.8,0.1166,0.160,67.4,tridag_gpu_m_tridag_array_gpu_290
335,Pressure,hand-written,61.8,0.1164,0.158,66.4,tridag_gpu_m_tridag_array_gpu_290
336,Pressure,hand-written,61.1,0.1166,0.159,67.0,tridag_gpu_m_tridag_array_gpu_290
337,Pressure,hand-written,61.0,0.1165,0.160,67.2,tridag_gpu_m_tridag_array_gpu_290
338,Pressure,hand-written,62.8,0.1165,0.155,65.3,tridag_gpu_m_tridag_array_gpu_290
339,Pressure,hand-written,7.1,0.0000,0.000,0.3,press_gpu_m_press_stag_array_gpu_454
340,Pressure,hand-written,6.7,0.0000,0.000,0.1,press_gpu_m_press_stag_array_gpu_461
341,Pressure,hand-written,737.1,0.0984,0.154,76.7,press_gpu_m_press_stag_array_gpu_472
342,Pressure,cuFFT,20.8,2.7809,1.265,22.3,"void regular_fft<384, EPT<8, 12>, 8, 2, 14, 0, 2, 1, unsigned int, double, HostConfigPlace"
343,Pressure,cuFFT,12.1,1.6215,1.270,38.4,"void preprocess_kernel<double, unsigned int, 2>(real_complex_args_t<T2>)"
344,Pressure,cuFFT,19.1,3.4912,1.732,24.3,"void vector_fft<1536, EPT<12>, 1, 0, 14, 0, 2, 0, unsigned int, double, HostConfigPlacehol"
345,Pressure,cuFFT,11.0,0.0000,0.000,42.2,"void kernel_wrapper<unsigned int, &unpackC2R_kernel_impl<unsigned int, double>>(RealComple"
346,Pressure,cuFFT,396.0,1.4244,2.117,72.9,"void regular_fft<384, EPT<8, 12>, 8, 2, 14, 0, 2, 1, unsigned int, double, HostConfigPlace"
347,Pressure,cuFFT,344.0,0.8337,1.429,84.1,"void preprocess_kernel<double, unsigned int, 2>(real_complex_args_t<T2>)"
348,Pressure,cuFFT,353.3,1.8024,2.992,81.4,"void vector_fft<1536, EPT<12>, 1, 0, 14, 0, 2, 0, unsigned int, double, HostConfigPlacehol"
349,Pressure,cuFFT,335.4,0.0000,0.000,86.3,"void kernel_wrapper<unsigned int, &unpackC2R_kernel_impl<unsigned int, double>>(RealComple"
350,Pressure,cuFFT,396.1,1.4246,2.116,72.8,"void regular_fft<384, EPT<8, 12>, 8, 2, 14, 0, 2, 1, unsigned int, double, HostConfigPlace"
351,Pressure,cuFFT,342.0,0.8338,1.437,84.5,"void preprocess_kernel<double, unsigned int, 2>(real_complex_args_t<T2>)"
352,Pressure,cuFFT,350.8,1.8023,3.013,82.0,"void vector_fft<1536, EPT<12>, 1, 0, 14, 0, 2, 0, unsigned int, double, HostConfigPlacehol"
353,Pressure,cuFFT,333.6,0.0000,0.000,86.7,"void kernel_wrapper<unsigned int, &unpackC2R_kernel_impl<unsigned int, double>>(RealComple"
354,Pressure,cuFFT,396.6,1.4245,2.113,72.8,"void regular_fft<384, EPT<8, 12>, 8, 2, 14, 0, 2, 1, unsigned int, double, HostConfigPlace"
355,Pressure,cuFFT,340.1,0.8337,1.445,85.0,"void preprocess_kernel<double, unsigned int, 2>(real_complex_args_t<T2>)"
356,Pressure,cuFFT,351.4,1.8023,3.008,81.8,"void vector_fft<1536, EPT<12>, 1, 0, 14, 0, 2, 0, unsigned int, double, HostConfigPlacehol"
357,Pressure,cuFFT,335.2,0.0000,0.000,86.3,"void kernel_wrapper<unsigned int, &unpackC2R_kernel_impl<unsigned int, double>>(RealComple"
358,Pressure,hand-written,14.3,0.0000,0.000,6.9,press_gpu_m_press_stag_array_gpu_501
359,Pressure,hand-written,12.2,0.0000,0.000,0.0,press_gpu_m_press_stag_array_gpu_509
360,Pressure,hand-written,512.7,0.8292,1.178,69.7,press_gpu_m_press_stag_array_gpu_521
361,Pressure,hand-written,12.1,0.0000,0.000,0.0,press_gpu_m_press_stag_array_gpu_532
362,Pressure,hand-written,1576.3,0.0419,0.072,84.2,main_908
363,Projection,hand-written,1705.4,0.0836,0.131,77.1,forcing_project_590
364,Projection,hand-written,11.7,0.0000,0.000,0.0,forcing_project_677
