stage,family,n_kernels,time_ms,time_share_pct,flops,fp32_flops,bytes,bytes_read,bytes_write,ai,tflops,dram_pct,dram_pct_kernel_mean
Other,all,29,6.833696,4.635308070553803,1232386560.0,0.0,10677106000.0,7282898000.0,3394209000.0,0.11542327668190239,0.18033968148422172,76.62679717846103,0.0
Other,hand-written,13,6.578240000000001,4.4620318144149005,930055680.0,0.0,10525524000.0,7131650000.0,3393873000.0,0.08836193618483983,0.14138366493165344,78.47237300427813,0.0
step,all,365,147.427008,100.0,163365854320.0,0.0,234827565000.0,130594014000.0,104233550000.0,0.6956843176396263,1.1081134761956235,78.11866220311163,0.0
step,hand-written,146,55.364384,37.55375948482927,10163780529.0,0.0,90773807000.0,56904986000.0,33868819000.0,0.11196820828501773,0.18357976364371723,80.41051653453599,0.0
Derivatives,all,69,23.01017600000001,15.60784303511064,31325082624.0,0.0,37980784000.0,19638335000.0,18342446000.0,0.8247613483702706,1.361357802043756,80.95184641124727,0.0
Derivatives,hand-written,21,4.860736000000002,3.2970458167339336,715180032.0,0.0,7928092000.0,4226066000.0,3702026000.0,0.09020834167918335,0.14713410314816516,79.99252789669501,0.0
Derivatives,cuFFT,48,18.149440000000006,12.310797218376708,30609902592.0,0.0,30052692000.0,15412269000.0,14640420000.0,1.01854112077547,1.6865480473226717,81.20876861045289,0.0
step,cuFFT,212,90.99964800000002,61.72522201630791,150419461632.0,0.0,143951207000.0,73596354000.0,70354854000.0,1.0449336602783748,1.6529675107314696,77.5815357799854,0.0
Other,cuFFT,16,0.25545599999999996,0.1732762561389023,302330880.0,0.0,151582000.0,151248000.0,336000.0,1.9945038329089206,1.1834949267192785,29.101427954707827,0.0
SGS,all,81,33.392416000000004,22.65013477042144,31908285312.0,0.0,54490073000.0,31831945000.0,22658124000.0,0.5855797864686288,0.9555548574862028,80.02990876387135,0.0
SGS,hand-written,37,16.765791999999998,11.372266335351524,3713902080.0,0.0,26944626000.0,17705080000.0,9239544000.0,0.1378346123638903,0.22151665009323748,78.81898903854497,0.0
SGS,cuFFT,44,16.626624000000003,11.277868435069918,28194383232.0,0.0,27545447000.0,14126865000.0,13418580000.0,1.023558747549096,1.6957371040567222,81.25096411723227,0.0
Convection,all,102,63.73891199999999,43.234216623320464,78791460096.0,0.0,100549872000.0,54303782000.0,46246092000.0,0.7836057722281338,1.2361594765847275,77.36769360020584,0.0
Convection,hand-written,30,16.422495999999995,11.139408052017169,2118761088.0,0.0,28545575000.0,17725612000.0,10819962000.0,0.07422380134223956,0.12901577738243936,85.24764788794835,0.0
Convection,cuFFT,72,47.31641599999999,32.0948085713033,76672699008.0,0.0,72004297000.0,36578170000.0,35426130000.0,1.0648350473861303,1.6204249072457224,74.63273333249171,0.0
Turbines,all,9,3.180416,2.1572817919495457,2895932095.0,0.0,3757186000.0,1907297000.0,1849889000.0,0.7707715548285339,0.9105513539738197,57.93773859729242,0.0
Turbines,ATM,7,1.062976,0.7210184988628406,2782612159.0,0.0,102551000.0,92674000.0,9877000.0,27.133934910434807,2.6177563359850082,4.731504034858108,0.0
step,ATM,7,1.062976,0.7210184988628406,2782612159.0,0.0,102551000.0,92674000.0,9877000.0,27.133934910434807,2.6177563359850082,4.731504034858108,0.0
Turbines,hand-written,2,2.1174399999999998,1.436263293086705,113319936.0,0.0,3654635000.0,1814623000.0,1840012000.0,0.031007182933453,0.05351742481487079,84.64779904303738,0.0
Pressure,all,73,15.554304000000007,10.55051188449813,16988574513.0,0.0,24692970000.0,13835465000.0,10857508000.0,0.6879923521957869,1.0922105234023967,77.85840817314718,0.0
Pressure,hand-written,41,6.902591999999999,4.68204034907905,2348428593.0,0.0,10495781000.0,6507663000.0,3988120000.0,0.22374977078885316,0.3402241640531557,74.5736380976874,0.0
Pressure,cuFFT,32,8.651711999999998,5.868471535419073,14640145920.0,0.0,14197189000.0,7327802000.0,6869388000.0,1.0312003256419282,1.6921675062692796,80.47909499729352,0.0
Projection,all,2,1.7170880000000002,1.1647038241459802,224133120.0,0.0,2679574000.0,1794292000.0,885282000.0,0.08364505701279383,0.1305309454145623,76.53427565554122,0.0
Projection,hand-written,2,1.7170880000000002,1.1647038241459802,224133120.0,0.0,2679574000.0,1794292000.0,885282000.0,0.08364505701279383,0.1305309454145623,76.53427565554122,0.0
