gpus,agg,stage,ms
16,mean,Derivatives,24.031824187500003
16,mean,SGS,34.61835558333333
16,mean,Convection,65.3710881875
16,mean,Turbines,2.343203104166667
16,mean,Pressure,15.933310302083333
16,mean,Projection,1.7637037291666668
16,mean,Other,6.5157050000000005
16,mean,Step,163.41866583333334
16,max,Derivatives,24.05055233333335
16,max,SGS,34.63395149999996
16,max,Convection,65.41185450000002
16,max,Turbines,3.6542021666666673
16,max,Pressure,16.140881500000006
16,max,Projection,1.7964663333333333
16,max,Other,6.832287833333336
16,max,Step,163.41866583333334
16,rank0,Derivatives,24.05055233333335
16,rank0,SGS,34.585418833333335
16,rank0,Convection,65.3436788333334
16,rank0,Turbines,3.6542021666666673
16,rank0,Pressure,16.05536216666667
16,rank0,Projection,1.7526073333333332
16,rank0,Other,6.832287833333336
16,rank0,Step,163.41866583333334
32,mean,Derivatives,12.99315611458333
32,mean,SGS,18.395297932291665
32,mean,Convection,34.094261703125014
32,mean,Turbines,1.2180754322916667
32,mean,Pressure,8.185484984375005
32,mean,Projection,0.8865003541666668
32,mean,Other,3.482624322916667
32,mean,Step,96.5388405
32,max,Derivatives,13.026342166666655
32,max,SGS,18.418245499999987
32,max,Convection,34.123631499999966
32,max,Turbines,1.915003166666667
32,max,Pressure,8.414855333333342
32,max,Projection,0.9219351666666667
32,max,Other,3.820360333333334
32,max,Step,96.5388405
32,rank0,Derivatives,13.026342166666655
32,rank0,SGS,18.373946000000004
32,rank0,Convection,34.04024800000001
32,rank0,Turbines,1.7081011666666674
32,rank0,Pressure,8.279071333333341
32,rank0,Projection,0.8748451666666667
32,rank0,Other,3.820360333333334
32,rank0,Step,96.5388405
64,mean,Derivatives,7.446601856770836
64,mean,SGS,10.298180434895839
64,mean,Convection,18.446189820312497
64,mean,Turbines,0.6603365130208334
64,mean,Pressure,4.305629768229165
64,mean,Projection,0.44603117708333334
64,mean,Other,1.9630875989583336
64,mean,Step,85.6740425
64,max,Derivatives,7.483311333333332
64,max,SGS,10.311696833333329
64,max,Convection,18.46923316666666
64,max,Turbines,1.1085441666666669
64,max,Pressure,4.540508499999996
64,max,Projection,0.4777538333333333
64,max,Other,2.2954878333333353
64,max,Step,85.6740425
64,rank0,Derivatives,7.483311333333332
64,rank0,SGS,10.270607000000005
64,rank0,Convection,18.402738999999997
64,rank0,Turbines,0.9049118333333337
64,rank0,Pressure,4.408393833333334
64,rank0,Projection,0.4348853333333333
64,rank0,Other,2.2954878333333353
64,rank0,Step,85.6740425
